equipment_id,days_since_maintenance,total_usage_hours,avg_daily_usage,procedure_count,needs_maintenance_soon
EQ0000,103,3950,6.298170941453725,112,1
EQ0001,93,972,7.303431405120339,487,1
EQ0002,15,1352,3.0899280069685706,326,1
EQ0003,107,1414,4.428716464490839,29,1
EQ0004,72,4920,1.6579178867010018,134,1
EQ0005,21,2998,2.220918820579463,66,1
EQ0006,103,177,6.9706196126673365,64,1
EQ0007,122,2721,2.223664303108456,291,1
EQ0008,75,4327,5.489052144837071,24,1
EQ0009,88,700,7.235939486363111,36,1
EQ0010,117,1165,1.5153307694000664,0,1
EQ0011,100,2236,5.889466086474584,398,1
EQ0012,104,2549,2.9373464451629556,36,1
EQ0013,152,2443,9.647805314757008,140,1
EQ0014,131,1963,5.0936836438392845,231,1
EQ0015,150,1418,8.156929222864001,135,1
EQ0016,53,4811,5.7271521504844864,388,1
EQ0017,2,3697,0.912419062120782,187,1
EQ0018,88,3862,6.514938068143213,127,1
EQ0019,158,4770,9.538331750963241,200,1
EQ0020,38,2290,6.215312291390147,126,1
EQ0021,130,1092,8.282294164554507,256,1
EQ0022,21,2812,8.899961401809874,163,1
EQ0023,161,2292,2.6667578335148585,34,1
EQ0024,58,1348,2.514425979128153,193,1
EQ0025,22,3154,6.3043193940844215,190,1
EQ0026,89,4698,4.404770463163695,103,1
EQ0027,49,4133,8.478682377233843,22,1
EQ0028,59,2097,9.050219672281106,264,1
EQ0029,170,3787,3.857503103375822,289,1
EQ0030,15,2251,2.7502703102575796,429,1
EQ0031,175,4118,7.914992394816688,461,1
EQ0032,51,3210,3.110657337707293,383,1
EQ0033,108,2070,8.314836025879945,259,1
EQ0034,55,297,4.5255134096632466,413,1
EQ0035,64,2726,6.841724043268969,478,1
EQ0036,131,1302,1.4075854814293476,357,1
EQ0037,51,2135,6.426663584427444,74,1
EQ0038,135,577,4.7917929480036765,354,1
EQ0039,21,1354,6.072780400167004,71,1
EQ0040,73,1022,2.0961349735762025,258,1
EQ0041,167,519,7.50030057696973,397,1
EQ0042,18,2304,8.696572236660671,187,1
EQ0043,132,2697,2.5590281008623688,460,1
EQ0044,89,1220,1.4092882774415365,172,1
EQ0045,60,3168,0.7245665674401958,479,1
EQ0046,14,1050,6.598729254211027,289,1
EQ0047,9,2436,6.267393342843417,44,1
EQ0048,90,2343,5.693625420783665,60,1
EQ0049,53,2745,2.7034974131017666,82,1
EQ0050,130,1957,4.213606961102389,122,1
EQ0051,84,4712,6.147525184268644,357,1
EQ0052,92,1965,5.2192851591621094,15,1
EQ0053,111,3012,9.88396244204143,65,1
EQ0054,172,2953,1.7961776492889647,423,1
EQ0055,8,3328,7.103873263452141,144,1
EQ0056,175,3819,4.341028296990775,374,1
EQ0057,35,3328,4.5678963417933405,161,1
EQ0058,81,2471,7.317178773752675,233,1
EQ0059,164,2991,7.078143437581511,379,1
EQ0060,50,3856,9.91693194017079,143,1
EQ0061,104,4325,1.7197457498141897,357,1
EQ0062,132,194,1.4890416691495802,187,1
EQ0063,2,2774,7.381218762723041,321,1
EQ0064,134,2055,5.994675711560887,449,1
EQ0065,54,893,3.1045263323181556,473,1
EQ0066,106,1934,1.2544840053953727,12,1
EQ0067,4,2216,1.31375337116609,183,1
EQ0068,54,4206,8.994813309309123,110,1
EQ0069,146,3425,2.3227395848280574,414,1
EQ0070,44,3019,3.5720298400974473,289,1
EQ0071,162,2697,2.653235821156386,294,1
EQ0072,14,3305,3.8724649054034046,450,1
EQ0073,95,4907,1.159526506087887,391,1
EQ0074,48,914,5.431068013628568,214,1
EQ0075,15,445,1.1423193541260415,461,1
EQ0076,40,2449,8.103386824312434,119,1
EQ0077,82,462,2.720264778149114,381,1
EQ0078,111,2543,5.63011318874285,54,1
EQ0079,53,2365,8.860751331833853,26,1
EQ0080,24,2288,6.6833350059483445,117,1
EQ0081,154,3105,5.563098972237685,220,1
EQ0082,124,3381,3.581170654596068,230,1
EQ0083,41,1084,3.6635181740528804,52,1
EQ0084,157,1739,6.860126074382806,294,1
EQ0085,15,927,9.944323931601092,320,1
EQ0086,45,2830,6.787472303569097,400,1
EQ0087,65,3631,5.798942465015236,232,1
EQ0088,89,4551,7.441179847272838,157,1
EQ0089,71,3035,4.919453316695322,436,1
EQ0090,9,3976,1.0713522547074597,268,1
EQ0091,88,226,5.841819750840143,20,1
EQ0092,129,3277,9.597440202801112,402,1
EQ0093,136,3156,2.1653779523977663,52,1
EQ0094,63,703,7.055046462796325,274,1
EQ0095,139,3549,2.4088700422610367,312,1
EQ0096,81,4246,5.590363002494272,280,1
EQ0097,136,3633,1.4184262716438365,213,1
EQ0098,163,3467,4.778523894452759,30,1
EQ0099,163,3468,7.683551624504838,336,1
EQ0100,33,3897,3.8019294802703296,182,1
EQ0101,123,1892,6.816661382628571,22,1
EQ0102,5,2961,8.056774627502428,31,1
EQ0103,41,3576,9.3081892850548,445,1
EQ0104,28,3517,2.729099777626809,73,1
EQ0105,135,1745,4.293501200188427,9,1
EQ0106,72,1305,1.9479521266389657,483,1
EQ0107,12,3130,9.928593270504564,455,1
EQ0108,162,2972,9.306509195280805,53,1
EQ0109,33,3172,5.629592737665316,51,1
EQ0110,48,1954,8.499316296576001,147,1
EQ0111,151,4121,5.449100784084401,159,1
EQ0112,62,4762,6.424064036026217,369,1
EQ0113,37,2808,1.3466821051021578,13,1
EQ0114,99,3602,7.675068994719675,177,1
EQ0115,172,1432,1.7132780945347308,411,1
EQ0116,104,301,8.34764248739902,365,1
EQ0117,35,3607,7.929266832868666,499,1
EQ0118,101,4312,7.233074628558276,52,1
EQ0119,175,674,0.8435236149852401,407,1
EQ0120,131,636,3.379719381480622,334,1
EQ0121,1,1725,2.999569414153007,21,1
EQ0122,5,2222,3.9212958709794314,29,1
EQ0123,142,485,1.3326060942564661,190,1
EQ0124,103,3381,9.401099318795097,259,1
EQ0125,27,574,5.761121286767574,204,1
EQ0126,137,517,3.4024809512512237,58,1
EQ0127,15,3700,4.271324412205693,470,1
EQ0128,90,1054,4.748424134795939,263,1
EQ0129,42,4958,6.205646166925864,465,1
EQ0130,124,1305,5.398954563116729,11,1
EQ0131,179,4859,9.234223745536966,118,1
EQ0132,63,4220,5.221153087605387,414,1
EQ0133,96,2090,9.92550114082147,461,1
EQ0134,52,4905,8.58853709857841,289,1
EQ0135,96,3672,2.48084988639469,337,1
EQ0136,132,4480,9.340654539117205,247,1
EQ0137,151,4258,1.605480779912023,353,1
EQ0138,143,4857,8.26577223066632,126,1
EQ0139,171,2813,4.115921288027511,74,1
EQ0140,29,2303,8.84075604422816,360,1
EQ0141,36,3220,8.746538556020779,203,1
EQ0142,13,1066,8.1562913011174,48,1
EQ0143,160,3532,8.005289144917082,78,1
EQ0144,71,788,3.3944518214313875,440,1
EQ0145,86,4343,1.2687331889868956,478,1
EQ0146,28,3801,4.328311698269034,240,1
EQ0147,66,441,2.1484828923718324,348,1
EQ0148,170,1824,7.102035344573387,153,1
EQ0149,45,4522,3.7879474021089625,273,1
EQ0150,62,1892,9.76829690816919,95,1
EQ0151,134,1859,6.589234734780654,213,1
EQ0152,28,3312,8.313565354526428,293,1
EQ0153,28,1089,1.75898439104756,208,1
EQ0154,108,2362,8.689137581589915,342,1
EQ0155,44,2582,9.266193309877247,87,1
EQ0156,84,1051,5.127088228779891,305,1
EQ0157,30,822,6.259402908634286,263,1
EQ0158,75,3489,7.765693108578457,424,1
EQ0159,128,2179,2.160966958973919,389,1
EQ0160,92,2817,5.274377726402703,324,1
EQ0161,129,2432,4.287298763836974,427,1
EQ0162,121,3476,1.8905529255413667,376,1
EQ0163,27,4624,3.991577011769549,319,1
EQ0164,121,1600,1.1476369391621888,156,1
EQ0165,116,385,0.7452131160201263,155,1
EQ0166,3,3595,1.7840797469708163,138,1
EQ0167,103,2165,9.649593560097152,120,1
EQ0168,155,868,5.720530591002661,64,1
EQ0169,137,3157,9.67531053095559,106,1
EQ0170,62,4389,4.608729844136254,146,1
EQ0171,165,2261,3.462253264309966,136,1
EQ0172,51,3393,5.3083476969823185,410,1
EQ0173,172,1046,4.675361042012646,161,1
EQ0174,152,3435,1.503814500486567,427,1
EQ0175,59,4250,6.587849989556959,451,1
EQ0176,118,4995,2.5523627338411963,99,1
EQ0177,160,4973,6.386085571529381,337,1
EQ0178,96,1581,6.676910377782457,398,1
EQ0179,113,2001,1.944236104722157,306,1
EQ0180,62,3551,1.0828214575513475,140,1
EQ0181,52,4164,7.917235067650179,82,1
EQ0182,12,154,4.868104025808542,176,1
EQ0183,39,1923,1.05255605730202,197,1
EQ0184,130,3562,9.951230013112788,111,1
EQ0185,131,3179,1.048915329465483,55,1
EQ0186,113,932,7.102834674156255,459,1
EQ0187,101,4508,9.84494979000243,178,1
EQ0188,113,2906,2.7722109900512932,420,1
EQ0189,81,2590,1.8513690025283638,400,1
EQ0190,113,427,1.6531569245130746,185,1
EQ0191,2,3410,3.381113901892158,470,1
EQ0192,130,3400,1.4599352046011436,217,1
EQ0193,54,3775,7.075532746094253,412,1
EQ0194,87,3154,1.0917720822355956,416,1
EQ0195,129,2243,5.339510217423002,315,1
EQ0196,147,1411,9.968620111603279,474,1
EQ0197,126,3291,8.23271756030718,216,1
EQ0198,130,2638,6.3445846631946035,119,1
EQ0199,53,4083,3.409409397472811,438,1
EQ0200,172,4647,6.427010444770565,393,1
EQ0201,160,264,5.50689390716069,174,1
EQ0202,160,4377,4.547792146958529,22,1
EQ0203,68,922,1.741748579031895,212,1
EQ0204,123,1043,8.922740044784433,404,1
EQ0205,145,4525,4.772954163802564,234,1
EQ0206,38,874,2.348913862297268,12,1
EQ0207,24,2298,3.9937138333342515,100,1
EQ0208,69,3256,4.434232649024807,416,1
EQ0209,116,4342,8.361610007885306,23,1
EQ0210,98,3795,7.46933661533332,363,1
EQ0211,139,3552,7.808396489592728,10,1
EQ0212,144,1014,0.6047970120721485,272,1
EQ0213,97,1408,4.453462982707734,451,1
EQ0214,124,4277,5.072769440535574,430,1
EQ0215,70,613,0.6823266298190385,280,1
EQ0216,93,2020,2.968225483077825,93,1
EQ0217,3,3694,7.722753319660282,200,1
EQ0218,148,4941,1.802542204425491,20,1
EQ0219,164,1509,5.585446248799621,339,1
EQ0220,147,4902,2.5444177841637563,466,1
EQ0221,90,4666,0.615147359116986,210,1
EQ0222,147,3290,2.7914138471956442,139,1
EQ0223,148,4591,9.77080067164551,292,1
EQ0224,96,1655,8.1146025628884,297,1
EQ0225,52,904,9.615978121049817,400,1
EQ0226,161,1379,5.134613417300443,100,1
EQ0227,168,3677,1.5424938874362832,303,1
EQ0228,128,3001,5.705615145250083,358,1
EQ0229,39,1487,4.816584678319629,27,1
EQ0230,82,4788,8.521392286026352,40,1
EQ0231,104,2861,1.4317845174503236,354,1
EQ0232,129,2779,5.1382908017068925,302,1
EQ0233,11,2206,1.9254623145928504,495,1
EQ0234,178,4323,3.5844213054555696,145,1
EQ0235,151,4931,7.504892235184097,255,1
EQ0236,159,2868,5.022172229003282,461,1
EQ0237,42,4053,4.070938708884809,226,1
EQ0238,99,3286,4.247524646415336,235,1
EQ0239,7,3380,4.8647442998568735,360,1
EQ0240,144,2673,7.957657166452041,379,1
EQ0241,90,4716,8.974804544932226,454,1
EQ0242,112,2699,9.575679521787318,488,1
EQ0243,60,4133,7.975582169425303,12,1
EQ0244,113,336,3.496365509606121,209,1
EQ0245,2,1404,7.03727970782215,228,1
EQ0246,129,3530,4.657229678526223,396,1
EQ0247,48,1401,2.919370909437486,99,1
EQ0248,140,2641,8.488280004546265,30,1
EQ0249,37,2151,0.8650503151420874,385,1
EQ0250,160,541,9.066738925286524,15,1
EQ0251,9,2176,4.884035913934975,136,1
EQ0252,99,3280,6.553414029678664,328,1
EQ0253,147,2757,6.7638622609549355,165,1
EQ0254,48,3898,9.003618536712096,458,1
EQ0255,131,904,6.54836198058847,309,1
EQ0256,148,174,6.332369055220587,439,1
EQ0257,152,2275,1.1331943853265547,469,1
EQ0258,54,4024,5.424876208479438,480,1
EQ0259,120,2189,1.9266055077618958,99,1
EQ0260,161,140,7.505620802854113,108,1
EQ0261,152,2181,5.366108247720407,342,1
EQ0262,116,4783,6.9621639024793565,172,1
EQ0263,75,1722,0.8958925557226505,236,1
EQ0264,113,441,1.3055241524351306,161,1
EQ0265,164,4152,7.305072186595481,392,1
EQ0266,166,2174,1.1848011919873969,215,1
EQ0267,104,745,1.1769389137699566,263,1
EQ0268,84,4926,0.6150305147314308,262,1
EQ0269,112,4363,9.58676328384506,291,1
EQ0270,99,709,7.506329414860566,273,1
EQ0271,153,554,3.8558883807696094,2,1
EQ0272,93,3053,3.3170880222327246,27,1
EQ0273,146,1808,3.8221806825855706,325,1
EQ0274,128,3572,7.859208546221228,491,1
EQ0275,110,3069,6.7830208051689365,427,1
EQ0276,82,3128,2.2593578947409454,148,1
EQ0277,54,4897,2.154038685673801,27,1
EQ0278,163,2781,1.4347586722772745,487,1
EQ0279,169,3729,6.7728758371627125,309,1
EQ0280,161,4325,7.761540291106492,437,1
EQ0281,68,3167,3.0179410690875383,64,1
EQ0282,33,1486,0.6989771297936718,355,1
EQ0283,142,3876,1.2806308410260598,20,1
EQ0284,21,2966,9.694670331027789,251,1
EQ0285,48,4888,3.3067253860354926,234,1
EQ0286,148,3463,7.807619904462269,226,1
EQ0287,128,4989,6.434303904115506,12,1
EQ0288,136,4224,4.128426576702511,312,1
EQ0289,135,248,2.4540289908577737,48,1
EQ0290,145,3950,1.653170972514361,117,1
EQ0291,128,2158,6.3426231963692326,53,1
EQ0292,33,1236,7.859020916058986,137,1
EQ0293,176,286,6.617090408640742,52,1
EQ0294,115,2954,5.537870265867004,43,1
EQ0295,119,1350,0.8985366226005445,302,1
EQ0296,22,1433,9.700643387146647,52,1
EQ0297,158,4293,8.087784820718458,73,1
EQ0298,38,4250,3.281809348659165,45,1
EQ0299,109,2811,9.809718128909081,12,1
EQ0300,51,4953,6.21787510154506,164,1
EQ0301,8,4601,6.033015252968841,101,1
EQ0302,27,1885,7.606695204580555,279,1
EQ0303,27,850,8.211812986856307,257,1
EQ0304,21,1862,6.736546769649276,469,1
EQ0305,30,4020,1.7169095904789002,336,1
EQ0306,97,4560,3.713541306947735,355,1
EQ0307,28,581,9.316794583097472,397,1
EQ0308,111,253,2.6338483125165935,137,1
EQ0309,61,1624,4.035586726456376,162,1
EQ0310,48,2220,4.604730387969862,408,1
EQ0311,147,2443,4.674347402097296,386,1
EQ0312,4,1340,6.322926033697993,110,1
EQ0313,35,160,9.459220458574721,101,1
EQ0314,49,1038,2.7865807624087973,16,1
EQ0315,17,1739,1.6542630748587217,267,1
EQ0316,172,4220,2.3759696536694044,181,1
EQ0317,158,4326,8.925786551988061,371,1
EQ0318,46,3669,6.6352027202244575,23,1
EQ0319,117,1352,3.216114497772021,28,1
EQ0320,6,4303,8.251495920201865,170,1
EQ0321,99,271,8.683014965452642,408,1
EQ0322,124,1558,8.541886217557641,227,1
EQ0323,37,3649,9.229802069575767,377,1
EQ0324,24,4297,2.896289691646935,187,1
EQ0325,93,2422,7.672898323089644,345,1
EQ0326,46,1736,4.87512522410433,229,1
EQ0327,95,3215,8.498986252455584,320,1
EQ0328,99,4190,7.420661433035326,339,1
EQ0329,116,3104,7.876250741747384,118,1
EQ0330,160,429,6.733537457970179,155,1
EQ0331,161,3740,2.185573309962215,271,1
EQ0332,67,3994,5.677755729520914,174,1
EQ0333,128,4207,9.854362525482827,464,1
EQ0334,18,1441,9.40518663172263,103,1
EQ0335,25,3763,0.9101504900716109,91,1
EQ0336,54,315,2.0657407494296525,185,1
EQ0337,58,438,1.751423347818338,459,1
EQ0338,67,4162,7.396809144860307,282,1
EQ0339,104,2808,8.268960633640978,180,1
EQ0340,174,3252,2.5283579799513833,169,1
EQ0341,24,1850,5.305600583042375,186,1
EQ0342,114,2521,8.486678766106401,174,1
EQ0343,32,809,7.461614675279381,221,1
EQ0344,175,3826,5.651253452172559,232,1
EQ0345,86,3742,6.1083030593583425,161,1
EQ0346,151,4093,5.32942519570466,420,1
EQ0347,127,588,3.3267102875287953,133,1
EQ0348,155,146,5.867708932160653,390,1
EQ0349,130,3459,7.0444103694758615,479,1
EQ0350,17,4973,8.796567700677674,223,1
EQ0351,104,4906,6.544767862802857,152,1
EQ0352,161,500,7.730654601910001,32,1
EQ0353,137,4090,2.0206805320684436,54,1
EQ0354,43,3257,4.884796006988004,441,1
EQ0355,176,4445,0.5886503883573864,6,1
EQ0356,39,490,2.8434492129554187,243,1
EQ0357,170,3953,7.401386293573546,312,1
EQ0358,26,4530,9.922194537818953,125,1
EQ0359,99,728,1.442191946078551,11,1
EQ0360,50,4332,4.314196000682238,15,1
EQ0361,153,3030,8.100674202642015,207,1
EQ0362,152,1621,2.4383385289745387,42,1
EQ0363,13,926,5.773307018371719,372,1
EQ0364,60,4922,7.464177312281911,483,1
EQ0365,135,1600,6.351861777471701,460,1
EQ0366,57,3394,2.286234978846453,134,1
EQ0367,36,2519,3.8761534025145243,227,1
EQ0368,173,1034,7.946021952611273,110,1
EQ0369,20,3142,5.765151884254158,306,1
EQ0370,65,4597,0.5496813286576709,456,1
EQ0371,8,1566,7.729412220266892,159,1
EQ0372,144,3661,0.8354578719322712,330,1
EQ0373,142,714,7.5844709359467055,263,1
EQ0374,115,1282,2.4235653215697557,224,1
EQ0375,143,3323,9.601698061134112,470,1
EQ0376,92,2767,3.9954371373698025,216,1
EQ0377,98,230,3.6058503552117513,455,1
EQ0378,66,3083,1.9144364781582244,44,1
EQ0379,32,4378,3.403240047157041,213,1
EQ0380,86,4559,8.828182237367905,58,1
EQ0381,51,138,9.96517620745885,131,1
EQ0382,153,4059,3.998940539815059,103,1
EQ0383,63,3687,4.761800994068154,194,1
EQ0384,125,1020,7.359673912926002,412,1
EQ0385,150,2869,8.918859914418208,488,1
EQ0386,58,4211,6.133921174774449,156,1
EQ0387,58,592,4.219494132689379,97,1
EQ0388,86,1231,4.419907488061925,225,1
EQ0389,49,3621,7.108372391719665,411,1
EQ0390,170,410,0.5305735042406474,204,1
EQ0391,70,838,6.386098705868487,78,1
EQ0392,15,3341,3.8771835991928953,123,1
EQ0393,54,645,8.0448746471323,470,1
EQ0394,101,2561,1.3834110783197555,427,1
EQ0395,8,4446,6.08792153600971,217,1
EQ0396,53,4954,5.069242453918176,3,1
EQ0397,60,1904,6.60209249609966,89,1
EQ0398,108,3312,1.1161091475881992,103,1
EQ0399,5,3910,6.009845980567247,392,1
EQ0400,103,913,5.834103585615475,118,1
EQ0401,6,4224,5.826270896953623,132,1
EQ0402,109,2132,6.233132832666321,311,1
EQ0403,116,4672,6.926445403650441,95,1
EQ0404,94,4513,8.147395496967313,467,1
EQ0405,47,344,3.0632968412180364,433,1
EQ0406,99,4943,8.33796939671059,330,1
EQ0407,55,4892,5.23342898150281,142,1
EQ0408,168,371,1.232053651776146,287,1
EQ0409,52,3611,1.0562338278178025,27,1
EQ0410,144,1871,3.6752640276125774,277,1
EQ0411,13,1362,7.956521282558942,232,1
EQ0412,114,2524,7.2229688800386995,16,1
EQ0413,124,4461,7.991842164387861,58,1
EQ0414,106,1020,5.414056036195289,89,1
EQ0415,158,3530,4.68189048057716,491,1
EQ0416,147,4535,1.9007990037096976,198,1
EQ0417,145,4584,3.6178311592884596,361,1
EQ0418,120,2724,4.623183978651815,440,1
EQ0419,63,3860,1.3417040819563637,25,1
EQ0420,19,2150,2.5958135507565068,24,1
EQ0421,92,3600,6.183140293605518,393,1
EQ0422,58,1265,7.488799585272304,300,1
EQ0423,90,475,9.984301358233022,338,1
EQ0424,117,2133,9.364576647763798,266,1
EQ0425,62,245,6.604369395584319,460,1
EQ0426,23,4488,4.501856506293684,180,1
EQ0427,127,531,6.543684964728211,455,1
EQ0428,137,804,7.963690371762204,359,1
EQ0429,140,2732,1.6241938137721794,67,1
EQ0430,129,4594,4.394096452114738,494,1
EQ0431,58,1063,8.478121713538364,350,1
EQ0432,122,2334,4.146413043363918,411,1
EQ0433,1,2141,5.932786576658272,458,1
EQ0434,34,1928,6.083808928190883,490,1
EQ0435,96,2208,2.2525244047695736,320,1
EQ0436,126,4168,3.9412366956967397,48,1
EQ0437,118,1038,3.677857243048355,174,1
EQ0438,48,4905,0.7488687310546156,51,1
EQ0439,89,906,0.7298217569678749,101,1
EQ0440,117,1563,8.401121914919848,215,1
EQ0441,129,3515,3.094172694741718,437,1
EQ0442,16,110,5.421748279268747,187,1
EQ0443,69,1968,3.337892949093344,56,1
EQ0444,22,4967,9.436452828595735,46,1
EQ0445,93,984,2.9633192092248506,158,1
EQ0446,76,3664,4.581739721019884,488,1
EQ0447,154,1489,8.790937379603717,173,1
EQ0448,144,3501,8.498368884522183,241,1
EQ0449,179,4421,2.2679634695396347,281,1
EQ0450,86,924,8.12511144305925,240,1
EQ0451,29,2365,4.85277542400998,369,1
EQ0452,69,1036,5.088204284810875,4,1
EQ0453,47,2900,1.768059737951466,83,1
EQ0454,94,2653,1.2657143806926843,307,1
EQ0455,144,3945,7.4154234162507695,360,1
EQ0456,176,1896,5.216380947375348,458,1
EQ0457,85,153,4.6500816748442055,247,1
EQ0458,39,826,7.430328172197769,53,1
EQ0459,100,2836,7.772372540415542,160,1
EQ0460,33,3270,2.009627592858859,433,1
EQ0461,101,2013,6.297138920037592,421,1
EQ0462,23,1696,1.7858637816380125,410,1
EQ0463,10,2014,7.638063317275934,225,1
EQ0464,69,2566,6.741073984537826,14,1
EQ0465,100,2837,9.587838900292851,223,1
EQ0466,34,949,1.155101155386001,60,1
EQ0467,138,2209,1.042019850936916,121,1
EQ0468,147,102,3.1807772095854014,276,1
EQ0469,96,4355,2.9862039954911066,45,1
EQ0470,1,4169,2.846298591183998,452,1
EQ0471,69,4976,9.109418514949848,389,1
EQ0472,4,992,2.870688898570308,293,1
EQ0473,16,2130,3.0835223982219944,61,1
EQ0474,24,3260,7.714283492970655,85,1
EQ0475,80,2476,4.77252850328013,445,1
EQ0476,2,4775,7.878750291074222,209,1
EQ0477,128,2033,1.1209784968616598,77,1
EQ0478,160,1480,5.131926339897151,201,1
EQ0479,84,3781,0.8193292017411851,301,1
EQ0480,152,1390,1.095205432825868,396,1
EQ0481,140,1740,9.111155806771905,222,1
EQ0482,178,2782,1.822831025617154,221,1
EQ0483,163,1087,5.557996481614563,2,1
EQ0484,124,1318,4.405408224706712,477,1
EQ0485,33,1455,3.7997615994590053,5,1
EQ0486,161,4365,9.048416784029088,92,1
EQ0487,179,4716,0.7073222693671503,7,1
EQ0488,171,4235,6.806002018668097,427,1
EQ0489,101,1660,9.65224712502873,492,1
EQ0490,12,1518,5.821597742887499,234,1
EQ0491,67,1054,9.399813389314373,107,1
EQ0492,65,1083,0.9964498532172258,160,1
EQ0493,161,1074,4.478536531204533,208,1
EQ0494,168,4233,2.971499014139486,239,1
EQ0495,74,4072,7.442799167316933,330,1
EQ0496,43,1013,9.822322359723843,332,1
EQ0497,44,4649,2.937035593220354,49,1
EQ0498,29,136,6.714658714003708,10,1
EQ0499,141,3487,2.381927511217531,350,1
EQ0500,12,1811,5.870637418430294,155,1
EQ0501,95,3120,4.907358623539194,491,1
EQ0502,46,895,9.734050631499603,69,1
EQ0503,130,4136,6.281009090616433,168,1
EQ0504,35,4788,3.8203105348247783,271,1
EQ0505,81,3211,1.5839099564353671,67,1
EQ0506,90,1424,1.9368448729818784,354,1
EQ0507,8,417,2.6405108345367334,251,1
EQ0508,93,2496,2.884183282732831,47,1
EQ0509,154,2262,8.580852549490809,183,1
EQ0510,90,2845,5.831616488683987,319,1
EQ0511,162,1691,5.472213658056481,186,1
EQ0512,115,3211,1.590304282757566,89,1
EQ0513,105,4030,8.671327086819632,445,1
EQ0514,135,2096,7.366735880480595,331,1
EQ0515,58,1412,1.142849438050015,138,1
EQ0516,114,1385,7.224433423682802,356,1
EQ0517,75,4411,5.663613064755138,88,1
EQ0518,157,2483,1.2763907845943934,273,1
EQ0519,120,3339,4.853856094522237,18,1
EQ0520,164,2239,5.104614727735446,470,1
EQ0521,21,1804,2.0748581315511196,310,1
EQ0522,164,462,9.484132396502682,357,1
EQ0523,138,2704,8.57476602906629,373,1
EQ0524,101,1816,6.855712204626529,465,1
EQ0525,152,4551,4.891807829505768,153,1
EQ0526,177,4386,4.411772645052831,389,1
EQ0527,99,3838,6.684247937934065,259,1
EQ0528,36,2569,5.681602759365602,107,1
EQ0529,96,4895,1.0915945058779133,370,1
EQ0530,152,656,5.368775163318151,284,1
EQ0531,151,925,8.160834363711976,58,1
EQ0532,37,2908,4.862778837171102,124,1
EQ0533,12,4621,0.9935874867655499,353,1
EQ0534,113,2819,7.969642894148315,272,1
EQ0535,13,3608,2.4129559302917567,106,1
EQ0536,23,3841,2.9568979314363686,298,1
EQ0537,99,1674,2.064710357606811,244,1
EQ0538,105,4098,3.6370431162792265,335,1
EQ0539,30,2229,7.689139304042032,449,1
EQ0540,17,2503,5.434165665287405,417,1
EQ0541,113,3429,2.4463721044317692,246,1
EQ0542,62,688,8.839385742444389,7,1
EQ0543,84,2112,8.856027622039527,140,1
EQ0544,112,1647,8.770495037937065,361,1
EQ0545,86,394,2.768564008124623,7,1
EQ0546,141,2085,4.786773769719387,477,1
EQ0547,19,3217,9.857401733338314,351,1
EQ0548,177,1790,7.834118524944908,483,1
EQ0549,100,1236,0.7580905016428183,494,1
EQ0550,140,2164,1.1194436169746744,93,1
EQ0551,147,4555,4.907348079717162,320,1
EQ0552,76,4895,9.137591955684822,426,1
EQ0553,9,4643,5.617667080550785,38,1
EQ0554,28,4870,5.2292188263257575,80,1
EQ0555,128,1107,1.5020001495879907,186,1
EQ0556,52,2614,6.739410994880793,83,1
EQ0557,83,3626,8.309980025702142,87,1
EQ0558,111,4781,4.113990071321842,241,1
EQ0559,144,1347,7.868312583790611,341,1
EQ0560,117,4002,9.66252821205771,92,1
EQ0561,69,1535,2.4357813617130466,85,1
EQ0562,99,671,5.471631496350042,43,1
EQ0563,140,2482,3.227810601803468,136,1
EQ0564,25,1345,8.032116980821474,420,1
EQ0565,123,2184,5.987136975870996,73,1
EQ0566,53,377,6.5285329667278855,35,1
EQ0567,151,1987,8.080184516350993,100,1
EQ0568,144,4679,4.261719490293322,475,1
EQ0569,57,1365,9.193355649866911,155,1
EQ0570,39,4926,5.56377423883833,425,1
EQ0571,109,1140,2.000570816935806,254,1
EQ0572,42,1017,7.111041622603623,170,1
EQ0573,167,985,8.035982829163416,468,1
EQ0574,142,2852,3.5092359321415034,215,1
EQ0575,122,121,8.643202941488154,169,1
EQ0576,133,4669,9.10836092027478,251,1
EQ0577,163,3291,3.130592630089185,359,1
EQ0578,75,2453,9.84345399079461,321,1
EQ0579,146,4899,1.836759516463205,54,1
EQ0580,76,786,2.419148849823655,455,1
EQ0581,9,384,2.250135972761248,431,1
EQ0582,74,4911,8.992902245074768,90,1
EQ0583,145,3847,6.715779247087138,277,1
EQ0584,7,862,1.9449906906115924,100,1
EQ0585,174,2528,4.6830724744993155,154,1
EQ0586,141,2607,6.345331238163119,376,1
EQ0587,168,128,1.2929088073991413,348,1
EQ0588,170,1006,8.882955499869718,450,1
EQ0589,137,3204,8.134233586694585,363,1
EQ0590,178,4099,5.299464348978063,140,1
EQ0591,27,3094,9.68770284496212,172,1
EQ0592,122,2606,4.468729303113447,9,1
EQ0593,5,4765,9.84904803084673,227,1
EQ0594,29,3709,6.845239988634457,264,1
EQ0595,165,3653,6.5293770959124435,437,1
EQ0596,166,1553,2.0765715053099574,247,1
EQ0597,83,4933,8.878313703894118,246,1
EQ0598,136,3456,4.5611520352458435,154,1
EQ0599,109,615,2.041217354933554,33,1
EQ0600,65,138,0.6197714397697109,498,1
EQ0601,86,3442,5.817678994564634,128,1
EQ0602,145,986,5.5102964101654255,159,1
EQ0603,71,2944,7.333859412507007,88,1
EQ0604,45,2304,8.95745150366912,92,1
EQ0605,132,1198,1.2543625541087804,326,1
EQ0606,36,1923,7.449216658233443,240,1
EQ0607,70,3301,2.280413468927031,322,1
EQ0608,159,3255,8.652682004993057,467,1
EQ0609,19,3193,8.281103381685732,403,1
EQ0610,108,3630,5.637540672362672,116,1
EQ0611,167,3878,7.247306586921459,93,1
EQ0612,91,2996,3.48632607524561,162,1
EQ0613,90,3553,4.976095039861739,98,1
EQ0614,19,3611,8.30555052824948,112,1
EQ0615,39,1088,4.863019373145532,358,1
EQ0616,126,4216,3.899083520591697,90,1
EQ0617,173,4126,5.195018248877849,345,1
EQ0618,141,4279,8.368367898153576,205,1
EQ0619,126,1782,3.6844764500232907,16,1
EQ0620,58,4765,2.1507351347895662,273,1
EQ0621,148,4063,7.264133193142417,172,1
EQ0622,61,1033,8.346793020726778,115,1
EQ0623,127,3698,1.4560560459735665,348,1
EQ0624,105,3333,2.778804071181475,467,1
EQ0625,167,2080,1.848733902729442,180,1
EQ0626,1,1955,3.805443410030583,90,1
EQ0627,131,3156,4.77833429960142,81,1
EQ0628,92,892,7.613850201151411,323,1
EQ0629,113,891,6.685902056375904,448,1
EQ0630,153,1909,6.398821391045096,113,1
EQ0631,56,2355,3.847561992791717,256,1
EQ0632,161,3710,8.493751754305219,57,1
EQ0633,166,1707,4.977228090282563,153,1
EQ0634,117,1084,9.801496911143968,364,1
EQ0635,134,3776,6.5243503138095,403,1
EQ0636,58,3480,1.699515044862776,115,1
EQ0637,44,619,6.923686839716623,342,1
EQ0638,173,690,3.5884881466011405,265,1
EQ0639,160,1150,7.020108368517926,314,1
EQ0640,173,3733,1.1615909075428545,202,1
EQ0641,61,4544,2.161373653171614,40,1
EQ0642,47,1059,8.62950395960497,104,1
EQ0643,149,792,2.6582057917233914,388,1
EQ0644,80,3999,8.45189068980793,377,1
EQ0645,118,4573,3.153122840316899,192,1
EQ0646,164,3046,6.607378145557723,400,1
EQ0647,147,626,7.094430448343394,277,1
EQ0648,20,3324,5.370220154878003,353,1
EQ0649,146,2353,3.4004514286189473,236,1
EQ0650,47,3444,2.520121575525413,424,1
EQ0651,49,4065,0.8152988683430491,220,1
EQ0652,14,1975,3.387490811786876,67,1
EQ0653,143,1863,6.705046510047189,196,1
EQ0654,159,620,9.413895775260585,255,1
EQ0655,1,1116,8.776442581498994,138,1
EQ0656,117,216,7.777615377085374,311,1
EQ0657,54,2533,7.990249760906337,434,1
EQ0658,118,683,6.817356583021955,148,1
EQ0659,3,494,2.9727251468770284,98,1
EQ0660,144,3888,9.118352791705384,75,1
EQ0661,12,2868,6.871956963105424,281,1
EQ0662,74,4267,5.824185994314179,370,1
EQ0663,16,3960,1.5543999575280703,402,1
EQ0664,102,373,4.747027666161042,108,1
EQ0665,152,2113,4.8734035764182995,187,1
EQ0666,156,4533,8.713354290465364,198,1
EQ0667,117,1489,5.693158091783991,302,1
EQ0668,8,3666,4.113805215218892,326,1
EQ0669,122,4802,9.779603120851263,153,1
EQ0670,92,265,1.5518456365999989,39,1
EQ0671,164,1667,4.514210068963473,132,1
EQ0672,90,828,0.8992344141283503,404,1
EQ0673,136,2143,7.529089147285839,461,1
EQ0674,60,4297,9.22172724589193,131,1
EQ0675,178,3596,3.1603546307296497,278,1
EQ0676,28,878,8.654245929591648,361,1
EQ0677,101,313,3.2760731893880286,83,1
EQ0678,41,3862,9.152316535617194,398,1
EQ0679,155,1676,7.662638084169448,241,1
EQ0680,145,2548,8.146614379993668,115,1
EQ0681,161,3036,0.6710622782043177,108,1
EQ0682,157,3217,9.646698392203247,220,1
EQ0683,141,691,7.403374424668071,391,1
EQ0684,46,2820,3.3951354061682664,40,1
EQ0685,35,813,8.379249316159047,367,1
EQ0686,134,1035,3.1744513849418343,146,1
EQ0687,82,4437,8.791161475878216,111,1
EQ0688,115,101,1.5695137089134017,102,1
EQ0689,47,2948,7.1850167858775595,45,1
EQ0690,153,4144,5.636635528126648,411,1
EQ0691,10,2049,1.4170774668566877,493,1
EQ0692,56,1017,2.7979913684589706,474,1
EQ0693,30,3274,0.6178383446344905,323,1
EQ0694,109,2341,4.953295671912805,377,1
EQ0695,5,189,3.3620199772200037,270,1
EQ0696,119,1809,6.1843961008287085,482,1
EQ0697,33,2269,3.3237591732318634,420,1
EQ0698,118,4338,3.3492315593163546,384,1
EQ0699,65,3141,7.560335387950232,194,1
EQ0700,146,205,0.9573569417943577,366,1
EQ0701,177,986,9.077502454323879,279,1
EQ0702,11,527,8.596506806716224,282,1
EQ0703,85,1995,6.844144490650862,39,1
EQ0704,26,416,6.135604916020151,446,1
EQ0705,63,734,8.976873732326696,188,1
EQ0706,86,2025,2.260636705522787,163,1
EQ0707,59,2156,1.2502070408128718,481,1
EQ0708,27,3244,2.775346614140612,476,1
EQ0709,177,2370,8.048493647651807,23,1
EQ0710,161,1539,0.8293675339015916,23,1
EQ0711,98,652,6.036664933293151,489,1
EQ0712,105,815,9.956656403817444,3,1
EQ0713,99,4011,8.629112891456625,322,1
EQ0714,129,1813,5.4537340459141,289,1
EQ0715,149,3489,1.1045886382231023,440,1
EQ0716,55,1207,8.398048386664243,432,1
EQ0717,6,4306,6.1902958276835,470,1
EQ0718,95,350,1.5918634720658849,180,1
EQ0719,133,2530,1.3916442058218839,247,1
EQ0720,102,2154,9.141454784647628,115,1
EQ0721,3,558,6.857402497911745,278,1
EQ0722,23,307,8.378224593509177,364,1
EQ0723,53,999,8.85029955268154,68,1
EQ0724,165,3561,5.931837344459061,350,1
EQ0725,83,3485,5.415740341672892,253,1
EQ0726,145,121,4.589060398049407,180,1
EQ0727,85,509,3.510992584015633,317,1
EQ0728,78,994,4.6286616281577615,168,1
EQ0729,110,614,7.851856729436486,312,1
EQ0730,1,4209,6.21827259464375,248,1
EQ0731,51,2234,8.978971254571038,187,1
EQ0732,173,3695,4.712110136602283,53,1
EQ0733,4,3056,6.267350997828164,325,1
EQ0734,113,1660,6.497421754373892,356,1
EQ0735,32,1366,6.121123041910092,312,1
EQ0736,34,2269,7.175020844312405,137,1
EQ0737,92,3738,2.7556179495606594,167,1
EQ0738,95,849,5.367455886685011,390,1
EQ0739,72,3527,1.4901356266793029,102,1
EQ0740,39,4880,4.152857612625719,421,1
EQ0741,154,2027,5.132837151902012,84,1
EQ0742,162,3904,6.696130465681988,316,1
EQ0743,118,3802,9.530044999568933,211,1
EQ0744,3,2456,6.206185132209381,2,1
EQ0745,123,4890,7.564142203677318,383,1
EQ0746,50,2435,5.3095275652044265,178,1
EQ0747,12,406,6.523988298075148,341,1
EQ0748,54,3765,1.1738560532708475,302,1
EQ0749,133,2089,2.9167200179975463,451,1
EQ0750,57,761,3.9376043854488176,475,1
EQ0751,145,4744,4.988686872561879,331,1
EQ0752,112,411,0.9336630822726455,37,1
EQ0753,47,3020,1.830228926756518,498,1
EQ0754,151,1182,3.129735924017405,419,1
EQ0755,85,3071,9.729560563559982,238,1
EQ0756,142,854,3.647796567478982,168,1
EQ0757,66,4230,5.079390052064784,452,1
EQ0758,75,4640,2.362928271014733,396,1
EQ0759,179,452,6.302410675219798,342,1
EQ0760,103,1002,3.166490547401756,313,1
EQ0761,166,3988,2.4664294951650545,305,1
EQ0762,38,258,5.407439970236801,29,1
EQ0763,50,2077,0.5523050920239978,189,1
EQ0764,98,1056,0.5728083101676407,356,1
EQ0765,82,2171,2.581153686467649,24,1
EQ0766,30,503,0.8488529437578008,111,1
EQ0767,79,4711,1.5262446642415681,410,1
EQ0768,91,2879,3.71917616871814,434,1
EQ0769,179,1487,8.124563956008222,205,1
EQ0770,52,3553,5.934462112008358,184,1
EQ0771,166,1055,5.370343396585956,381,1
EQ0772,79,1812,3.2881438204771554,495,1
EQ0773,30,4803,9.351660334611756,378,1
EQ0774,106,1373,4.271642891753321,46,1
EQ0775,51,3911,1.3273812845598292,373,1
EQ0776,81,2725,6.362131903119112,227,1
EQ0777,133,2482,1.5814647380277134,38,1
EQ0778,29,1541,3.779619856616075,15,1
EQ0779,132,3079,5.320413417819184,21,1
EQ0780,138,1897,8.80511398450917,212,1
EQ0781,145,4490,5.1886925132311275,309,1
EQ0782,74,4109,7.17145827730081,148,1
EQ0783,17,4950,9.931759970491168,455,1
EQ0784,84,1494,1.7491466390308255,240,1
EQ0785,69,4381,3.1099494924354354,271,1
EQ0786,34,1369,4.248472718177641,58,1
EQ0787,6,4832,4.507367696118898,286,1
EQ0788,53,3814,4.404700215022684,425,1
EQ0789,126,629,9.122304524287271,201,1
EQ0790,43,3723,7.283310122435136,31,1
EQ0791,115,3058,6.2750995338616855,442,1
EQ0792,111,3014,3.4390408196964297,161,1
EQ0793,151,4989,8.326008650102299,254,1
EQ0794,80,3691,9.573074859107395,253,1
EQ0795,95,2247,8.301383684227151,8,1
EQ0796,118,4673,0.5148684993189926,464,1
EQ0797,144,3469,6.5458130167423665,138,1
EQ0798,8,1039,0.9857861236999569,479,1
EQ0799,132,625,2.9472685931703575,9,1
EQ0800,104,101,1.0654846533038311,213,1
EQ0801,132,474,6.236056803019183,272,1
EQ0802,25,2440,7.022604178179765,323,1
EQ0803,96,4105,1.5876325616260987,47,1
EQ0804,155,3152,4.146469388927305,435,1
EQ0805,93,4748,4.834246835077649,110,1
EQ0806,160,2465,4.006003706728707,152,1
EQ0807,178,1625,1.6497375046093339,122,1
EQ0808,61,4576,4.480004006781016,404,1
EQ0809,122,1746,7.636191454179972,356,1
EQ0810,51,113,1.174572813065927,101,1
EQ0811,147,4699,1.2617101337780827,240,1
EQ0812,21,2378,3.87032727244185,320,1
EQ0813,5,3255,9.446394260379789,190,1
EQ0814,92,229,6.851440143867683,216,1
EQ0815,170,3914,6.947364588389366,50,1
EQ0816,61,3316,3.938239912959717,291,1
EQ0817,22,3038,6.139777516481115,80,1
EQ0818,149,4028,0.5962462482635621,488,1
EQ0819,70,2140,6.542912440890651,382,1
EQ0820,1,127,9.17622600197425,87,1
EQ0821,133,2213,6.319447949275782,193,1
EQ0822,12,1352,8.800136637930278,103,1
EQ0823,90,4456,7.377744026927891,270,1
EQ0824,46,2146,1.6453049558350574,95,1
EQ0825,34,4655,9.073306419215497,422,1
EQ0826,177,4123,1.1312165213798613,378,1
EQ0827,78,4496,5.572690989203756,197,1
EQ0828,45,3474,1.8503026760378478,0,1
EQ0829,155,3566,0.6112128019435886,494,1
EQ0830,73,3181,4.509325471212571,406,1
EQ0831,26,3878,3.3028867227144842,377,1
EQ0832,47,729,5.117004691077229,166,1
EQ0833,121,369,5.983398923978233,125,1
EQ0834,56,2739,0.915521186935,312,1
EQ0835,94,2093,1.6685313036755836,80,1
EQ0836,107,2991,5.807102766279041,417,1
EQ0837,63,3532,3.760089855140253,250,1
EQ0838,48,1380,7.427148131719756,168,1
EQ0839,61,2460,6.696770661623427,476,1
EQ0840,81,675,8.533241448404114,72,1
EQ0841,26,1407,7.07868185335764,140,1
EQ0842,36,3292,4.584345235206407,69,1
EQ0843,1,3278,6.893182912747108,261,1
EQ0844,8,2834,3.116121155426476,339,1
EQ0845,113,2312,3.4099782383930206,307,1
EQ0846,99,2452,7.995359019247537,244,1
EQ0847,47,3668,4.740985405815031,2,1
EQ0848,127,1755,8.084613234924348,336,1
EQ0849,56,1679,8.313012549848645,62,1
EQ0850,14,2303,8.646842207782196,48,1
EQ0851,28,1490,9.20803474049147,75,1
EQ0852,78,1842,4.594359594876314,367,1
EQ0853,130,2025,3.5292347740508188,174,1
EQ0854,109,719,6.030888092644082,108,1
EQ0855,154,1374,4.026138022657462,182,1
EQ0856,14,1056,6.210204584602213,191,1
EQ0857,56,2039,7.203065695116334,64,1
EQ0858,115,4053,7.039847675675301,336,1
EQ0859,7,2481,4.058252426691153,450,1
EQ0860,3,1068,2.085171916138152,473,1
EQ0861,111,1416,4.590028715390972,270,1
EQ0862,151,1143,1.8546443687781329,99,1
EQ0863,107,381,8.95592183424618,31,1
EQ0864,18,2944,3.7858358770096454,351,1
EQ0865,38,1158,1.967367598621576,127,1
EQ0866,115,4393,0.7417537191046333,451,1
EQ0867,15,2632,6.635312669721601,401,1
EQ0868,119,3928,6.550572015820061,368,1
EQ0869,28,1108,3.735739582522271,338,1
EQ0870,39,1329,1.1812629440526845,42,1
EQ0871,17,1135,4.391474501504704,371,1
EQ0872,86,4685,3.456566203102239,418,1
EQ0873,126,375,6.932646077482589,487,1
EQ0874,44,2840,6.254902869800558,77,1
EQ0875,25,2389,3.96364041787663,313,1
EQ0876,145,1339,2.569979265422406,288,1
EQ0877,13,225,9.886341678478123,269,1
EQ0878,25,4165,4.813015401363091,161,1
EQ0879,68,4412,7.038605239912252,188,1
EQ0880,138,3968,1.8352531919944273,246,1
EQ0881,67,1308,5.113102146764279,387,1
EQ0882,109,3349,0.7615988387599222,215,1
EQ0883,146,1018,5.301823620149275,314,1
EQ0884,111,4023,9.658165367618173,412,1
EQ0885,111,4503,4.149963773365102,338,1
EQ0886,34,2069,0.8704621194616601,389,1
EQ0887,111,2893,0.7940800137337636,376,1
EQ0888,8,991,4.18587421949526,480,1
EQ0889,168,4570,2.0202368964003434,432,1
EQ0890,113,2133,0.7218449151177662,167,1
EQ0891,83,1464,7.68402933252668,338,1
EQ0892,42,228,4.855968584377962,192,1
EQ0893,169,1114,3.247825333740218,452,1
EQ0894,101,1899,9.050790238656568,282,1
EQ0895,6,4712,1.6033201219049933,335,1
EQ0896,26,1618,9.581228875075533,389,1
EQ0897,64,4281,3.482683815084852,487,1
EQ0898,59,1298,8.939834886932472,12,1
EQ0899,109,3973,6.227957326554884,239,1
EQ0900,121,2574,8.353719917544131,319,1
EQ0901,33,3585,9.84812505049941,445,1
EQ0902,150,4149,3.2398516592780844,482,1
EQ0903,21,3819,9.630787111372133,146,1
EQ0904,70,402,4.200078001572994,203,1
EQ0905,112,4052,4.162363095000762,79,1
EQ0906,4,4783,3.7336774904178043,378,1
EQ0907,94,1086,5.643372269802059,42,1
EQ0908,75,1963,1.9643779101956274,457,1
EQ0909,62,4540,5.7602591109011065,88,1
EQ0910,94,3172,5.646195717895038,147,1
EQ0911,95,3224,7.738067219746265,94,1
EQ0912,152,1427,8.419674638407063,451,1
EQ0913,55,2508,4.684192827968029,427,1
EQ0914,137,3773,3.3721658688391907,150,1
EQ0915,131,3391,2.9636815245123973,1,1
EQ0916,31,4133,2.3489264486962833,375,1
EQ0917,40,803,1.0476520308907364,21,1
EQ0918,36,674,3.753255798929777,370,1
EQ0919,152,3332,3.067353075242441,312,1
EQ0920,6,4883,9.68096516573087,484,1
EQ0921,66,2732,5.798233849375417,327,1
EQ0922,75,3928,3.7991318707898216,6,1
EQ0923,4,3330,6.014442209440112,205,1
EQ0924,79,588,1.8223686627841074,439,1
EQ0925,134,1447,4.718415617420928,374,1
EQ0926,118,3781,6.449226053500106,450,1
EQ0927,113,3273,5.144529402028288,113,1
EQ0928,94,4689,4.31689860621608,271,1
EQ0929,179,1767,9.941559694547133,82,1
EQ0930,62,1737,8.862990240414806,178,1
EQ0931,79,4214,6.422356602514681,209,1
EQ0932,136,3653,5.909084931231686,499,1
EQ0933,26,1100,6.396274558333548,463,1
EQ0934,179,950,2.412465024313116,327,1
EQ0935,173,1488,4.253808561011027,123,1
EQ0936,44,3812,0.8748655624635435,480,1
EQ0937,133,1467,5.017687356124854,112,1
EQ0938,70,921,5.6587335475978,11,1
EQ0939,154,554,2.6636224929804913,125,1
EQ0940,118,1724,9.65827404807238,52,1
EQ0941,68,2872,9.139818803903799,330,1
EQ0942,19,3826,7.3603607368311055,388,1
EQ0943,20,3247,5.567172973270944,282,1
EQ0944,113,4189,8.764707016653007,139,1
EQ0945,140,4906,1.7411972663228976,400,1
EQ0946,47,2290,8.009843045611408,389,1
EQ0947,1,1016,1.6857977326850588,96,1
EQ0948,90,4086,8.04500129421935,4,1
EQ0949,142,2975,3.119791898387891,56,1
EQ0950,64,1540,8.832360519672795,411,1
EQ0951,38,4500,9.46839989134128,333,1
EQ0952,37,835,1.9135617093485986,68,1
EQ0953,126,3668,4.8954182481212385,117,1
EQ0954,139,3438,9.819380092545508,375,1
EQ0955,100,3115,5.092370641744893,58,1
EQ0956,77,2989,8.703701463888178,32,1
EQ0957,3,1061,6.092949460247539,317,1
EQ0958,161,3089,4.065634125236217,49,1
EQ0959,134,3948,3.2149437774957668,367,1
EQ0960,178,1126,2.430619365317829,488,1
EQ0961,10,3965,7.7370828180881235,18,1
EQ0962,5,2963,4.172134814818765,213,1
EQ0963,151,2601,5.357116890907136,196,1
EQ0964,138,2047,5.177092060011228,378,1
EQ0965,172,1277,5.9841507777147465,449,1
EQ0966,130,4860,8.722982883433247,477,1
EQ0967,13,111,9.81702376404258,46,1
EQ0968,168,4499,4.37204998145126,166,1
EQ0969,130,3464,8.36142976000988,451,1
EQ0970,84,3122,7.763014049219818,288,1
EQ0971,65,3471,5.948525038827946,140,1
EQ0972,63,2930,9.582447864313364,83,1
EQ0973,101,142,2.404507897519826,181,1
EQ0974,73,1043,1.5380099979414035,390,1
EQ0975,17,2490,8.61263868607651,78,1
EQ0976,9,2645,4.671923258020609,214,1
EQ0977,143,2511,8.546204114967075,13,1
EQ0978,152,1104,8.984356949356442,214,1
EQ0979,38,120,1.0933471393811787,402,1
EQ0980,163,506,8.892915248367576,127,1
EQ0981,94,1114,4.75903102600951,309,1
EQ0982,95,4531,5.349108645540206,476,1
EQ0983,49,1938,6.452628855385497,247,1
EQ0984,69,3288,9.300634763935824,403,1
EQ0985,62,814,0.6816028970827583,28,1
EQ0986,178,4246,5.030012949019262,279,1
EQ0987,78,3954,7.033359403090326,337,1
EQ0988,117,4519,7.36571609813317,318,1
EQ0989,120,4984,7.079058099602526,201,1
EQ0990,137,240,1.7771337293771576,360,1
EQ0991,162,4665,3.344258089530972,56,1
EQ0992,76,4982,3.907797491461628,391,1
EQ0993,35,1063,8.142153472955297,217,1
EQ0994,1,472,3.1482187879382537,61,1
EQ0995,40,3735,2.5016971567384303,156,1
EQ0996,64,2641,9.595756180861914,201,1
EQ0997,150,3710,0.5842012085779545,16,1
EQ0998,60,1792,9.979298128978792,321,1
EQ0999,64,205,6.929802339145258,5,1
